{
  "Media": [
    {
      "id": 1,
      "name": "Chill mix",
      "src": "https://www.youtube.com/watch?v=RLWcYADoV84",
      "length": 8
    },
    {
      "id": 2,
      "name": "100% Energy",
      "src": "https://www.youtube.com/watch?v=fVPIVD8A8CI&list=PLO9Ut0CqA84hNjwd8B0rC7BwAaJEGpHNl",
      "length": 8
    }
  ],
  "IntervalSounds": [
    { "id": 1, "name": "tibetan chime", "src": "tibet.mp3", "length": 8 },
    {
      "id": 2,
      "name": "Tibetan Gong",
      "src": "tibetan_gong.mp3",
      "length": 18
    },
    { "id": 3, "name": "ting", "src": "ting_iphone.mp3", "length": 3 },
    { "id": 4, "name": "zen", "src": "zen.mp3", "length": 18 },
    { "id": 5, "name": "deep bell", "src": "taco_bell.mp3", "length": 2 },
    { "id": 6, "name": "beaten chime", "src": "chime.mp3", "length": 6 },
    { "id": 7, "name": "beep", "src": "beep.mp3", "length": 2 }
  ],
  "AlarmSounds": [
    {
      "id": 1,
      "name": "digital rising",
      "src": "digimba rising.mp3",
      "length": 60
    },
    {
      "id": 2,
      "name": "strangeness",
      "src": "captstrange.mp3",
      "length": 6
    },
    {
      "id": 3,
      "name": "digital alarm",
      "src": "digimba.mp3",
      "length": 4
    },
    {
      "id": 4,
      "name": "marimba",
      "src": "pulse-marimba.mp3",
      "length": 18
    },
    {
      "id": 5,
      "name": "80s",
      "src": "Escape-New-Yorkish.mp3",
      "length": 6
    },
    {
      "id": 6,
      "name": "big ben",
      "src": "bing-ben-bong.mp3",
      "length": 2
    },
    {
      "id": 7,
      "name": "Tibetan Gong",
      "src": "tibetan_gong.mp3",
      "length": 18
    }
  ]
}
