{
  "links": [
    {
      "id": 1,
      "name": "monrining nature",
      "url": "https://www.youtube.com/watch?v=vSyt3D1eut8",
      "type": "music",
      "genre": "calming"
    },
    {
      "id": 2,
      "name": "zen nap playlist",
      "domain": "youtube.com",
      "url": " https://www.youtube.com/watch?v=W74E0wWUcqY&list=PLGFsjC9dEUw5cXCjNGAoVISO552RzPLEg",
      "type": "music",
      "genre": "calming"
    },

    {
      "id": 3,
      "name": "Radio 4",
      "url": "https://www.bbc.co.uk/sounds/play/live:bbc_radio_fourfm",
      "type": "radio",
      "genre": "informative"
    },
    {
      "id": 4,
      "name": "Own mp3 example escape NYish",
      "url": "https:/ticaboo.co.uk/audio/Escape-New-Yorkish.mp3",
      "type": "mp3",
      "genre": "custom"
    }
  ]
}
